SKU;Name;Unit;Category
02-0000056;KR Εξαιρετικό παρθένο ελαιόλαδο, bottle 500ml Special Edition For Host;pcs;Finished Product
04-0000009;KR Βιολογικό παλαιωμένο βαλσάμικο ξύδι, bottle 200ml;pcs;Finished Product
02-0000069;Εξαιρετικό παρθένο ελαιόλαδο, bottle 500ml-Christmas;pcs;Finished Product
ΕΙΔΗ-00000004;Κρητικά κριτσίνια καρότου, 120gr;pcs;Finished Product
ΕΙΔΗ-00000005;Κρητικά κουλουράκια κανέλας, 120gr;pcs;Finished Product
ΕΙΔΗ-00000006;Κρητικά κουλουράκια μανταρινιού, 120gr;pcs;Finished Product
ΕΙΔΗ-00000007;Κρητικά παξιμαδάκια με γραβιέρα, 60gr;pcs;Finished Product
ΕΙΔΗ-00000008;Κρητικά παξιμαδάκια με ελαιόλαδο και ρίγανη, 60gr;pcs;Finished Product
ΕΙΔΗ-00000009;Κρητικά παξιμαδάκια με λιαστή ντομάτα και κρεμμύδι, 60gr;pcs;Finished Product
ΕΙΔΗ-00000010;Εξαιρετικό παρθένο ελαιόλαδο, can 250ml;pcs;Finished Product
ΕΙΔΗ-00000011;Εξαιρετικό παρθένο ελαιόλαδο, bottle 500ml;pcs;Finished Product
ΕΙΔΗ-00000012;Εξαιρετικό παρθένο ελαιόλαδο, can 5ltr;pcs;Finished Product
ΕΙΔΗ-00000013;Εξαιρετικό παρθένο ελαιόλαδο με βασιλικό, bottle 200ml;pcs;Finished Product
ΕΙΔΗ-00000014;Εξαιρετικό παρθένο ελαιόλαδο με σκόρδο, bottle 200ml;pcs;Finished Product
ΕΙΔΗ-00000015;Εξαιρετικό παρθένο ελαιόλαδο με πιπεριά τσίλι, bottle 200ml;pcs;Finished Product
ΕΙΔΗ-00000016;Βιολογικό παλαιωμένο βαλσάμικο ξύδι, bottle 200ml;pcs;Finished Product
ΕΙΔΗ-00000017;Ξύδι από χυμό εσπεριδοειδών, bottle 200ml;pcs;Finished Product
ΕΙΔΗ-00000018;Ξύδι από χυμό κόκκινων φρούτων, bottle 200ml;pcs;Finished Product
ΕΙΔΗ-00000019;US 3pk (Tomato-Graviera-Carrot);pcs;Finished Product
ΕΙΔΗ-00000020;US Κρητικά κριτσίνια καρότου, 120gr;pcs;Finished Product
ΕΙΔΗ-00000021;US Κρητικά κουλουράκια κανέλας, 120gr;pcs;Finished Product
ΕΙΔΗ-00000022;US Κρητικά κουλουράκια μανταρινιού, 120gr;pcs;Finished Product
ΕΙΔΗ-00000023;US Κρητικά παξιμαδάκια με γραβιέρα, 60gr;pcs;Finished Product
ΕΙΔΗ-00000024;US Κρητικά παξιμαδάκια με ελαιόλαδο και ρίγανη, 60gr;pcs;Finished Product
ΕΙΔΗ-00000025;US Κρητικά παξιμαδάκια με λιαστή ντομάτα και κρεμμύδι, 60gr;pcs;Finished Product
ΕΙΔΗ-00000026;US Εξαιρετικό παρθένο ελαιόλαδο, can 250ml;pcs;Finished Product
ΕΙΔΗ-00000027;US Εξαιρετικό παρθένο ελαιόλαδο, bottle 500ml;pcs;Finished Product
ΕΙΔΗ-00000028;US Εξαιρετικό παρθένο ελαιόλαδο, can 5ltr;pcs;Finished Product
ΕΙΔΗ-00000029;US Βιολογικό παλαιωμένο βαλσάμικο ξύδι, bottle 200ml;pcs;Finished Product
ΕΙΔΗ-00000030;US Εξαιρετικό παρθένο ελαιόλαδο με βασιλικό, bottle 200ml;pcs;Finished Product
ΕΙΔΗ-00000031;US Εξαιρετικό παρθένο ελαιόλαδο με σκόρδο, bottle 200ml;pcs;Finished Product
ΕΙΔΗ-00000032;US Εξαιρετικό παρθένο ελαιόλαδο με πιπεριά τσίλι, bottle 200ml;pcs;Finished Product
ΕΙΔΗ-00000033;Δείγματα προϊόντων;pcs;Finished Product
05-0000006;Blank Sketchbook Κόκκινο;pcs;Finished Product
05-0000007;Blank sketchbook Πράσινο;pcs;Finished Product
05-0000008;Blank sketchbook Μπλέ;pcs;Finished Product
05-0000009;Blank sketchbook Πορτοκαλί;pcs;Finished Product
ΕΙΔΗ-00000040;Postcards-set of 8;pcs;Finished Product
05-0000010;Simple stickers;pcs;Finished Product
05-0000011;Eyes transparent sticker;pcs;Finished Product
ΕΙΔΗ-00000046;Yiayia face transparent sticker;pcs;Finished Product
ΕΙΔΗ-00000047;Fragile sticker;pcs;Finished Product
05-0000012;Μαύρη ποδιά με ροζ υφαντό ραφτό S-M;pcs;Finished Product
05-0000013;Μαύρη ποδιά με ροζ υφαντό ραφτό L-XL;pcs;Finished Product
05-0000014;Μαύρη ποδιά με πράσινο υφαντό ραφτό S-M;pcs;Finished Product
05-0000015;Μαύρη ποδιά με πράσινο υφαντό ραφτό L-XL;pcs;Finished Product
05-0000016;Μαύρη ποδιά με μπλέ υφαντό ραφτό S-M;pcs;Finished Product
05-0000017;Μαύρη ποδιά με μπλέ υφαντό ραφτό L-XL;pcs;Finished Product
05-0000018;Κεντημένη ποδιά;pcs;Finished Product
05-0000019;Kεντημένο μαξιλάρι;pcs;Finished Product
ΕΙΔΗ-00000064;Κουτί δώρου;pcs;Finished Product
ΕΙΔΗ-00000065;Βίδες λαχανικών με παντζάρι, καρότο, σπανάκι, 400gr;pcs;Finished Product
ΕΙΔΗ-00000066;Σάλτσα ντομάτας με ρίγανη και θυμάρι, 280gr;pcs;Finished Product
ΕΙΔΗ-00000067;Άνθος αλατιού, 100gr, jar;pcs;Finished Product
ΕΙΔΗ-00000068;Εξαιρετικό παρθένο ελαιόλαδο, 50ml;pcs;Finished Product
05-0000020;ΑΝΘΡΑΚΙ T-SHIRT 100% ΒΑΜΒΑΚΙ S/M;pcs;Finished Product
05-0000021;ΑΝΘΡΑΚΙ T-SHIRT 100% ΒΑΜΒΑΚΙ Μ/L;pcs;Finished Product
05-0000022;ΑΝΘΡΑΚΙ T-SHIRT 100% ΒΑΜΒΑΚΙ XL/XXL;pcs;Finished Product
05-0000023;ΜΠΕΖ T-SHIRT 100% ΒΑΜΒΑΚΙ S/M;pcs;Finished Product
05-0000024;ΜΠΕΖ T-SHIRT 100% ΒΑΜΒΑΚΙ Μ/L;pcs;Finished Product
05-0000025;ΜΠΕΖ T-SHIRT 100% ΒΑΜΒΑΚΙ XL/XXL;pcs;Finished Product
05-0000026;Tote bag, grey;pcs;Finished Product
ΕΙΔΗ-00000076;Yiayia gift box;pcs;Finished Product
05-0000027;Red-fuchsia waist apron;pcs;Finished Product
05-0000028;Red-fuchsia pillow;pcs;Finished Product
05-0000029;"T-shirt “Eyes"" S-M Anthracite";pcs;Finished Product
05-0000030;"T-shirt ""Fragile"" S-M Anthracite";pcs;Finished Product
05-0000031;"T-shirt ""Eyes"" S-M Beige";pcs;Finished Product
05-0000032;"T-shirt, ""Crocodile"" S-M Beige";pcs;Finished Product
ΕΙΔΗ-00000083;Εξαιρετικό παρθένο ελαιόλαδο με βασιλικό, bottle 50ml;pcs;Finished Product
ΕΙΔΗ-00000084;Εξαιρετικό παρθένο ελαιόλαδο με σκόρδο, bottle 50ml;pcs;Finished Product
ΕΙΔΗ-00000085;Εξαιρετικό παρθένο ελαιόλαδο με πιπεριά τσίλι, bottle 50ml;pcs;Finished Product
05-0000033;"T-shirt ""Eyes"" M-L Anthracite";pcs;Finished Product
05-0000034;"T-shirt ""Eyes"" XL-2XL Anthracite";pcs;Finished Product
05-0000035;"T-shirt ""Fragile"" M-L Anthracite";pcs;Finished Product
05-0000036;"T-shirt “Fragile"" XL-2XL Anthracite";pcs;Finished Product
05-0000037;"T-shirt ""Eyes"" M-L Beige";pcs;Finished Product
05-0000038;"T-shirt ""Eyes"" XL-2XL Beige";pcs;Finished Product
05-0000039;"T-shirt “Crocodile"" M-L Beige";pcs;Finished Product
05-0000040;"T-shirt, ""Crocodile"" XL-2XL Beige";pcs;Finished Product
05-0000041;Colorful bag;pcs;Finished Product
05-0000042;Παιδική Ποδιά Ροζ;pcs;Finished Product
05-0000043;Παιδική Ποδιά Γαλάζια;pcs;Finished Product
ΕΙΔΗ-00000103;Commission for Order;pcs;Finished Product
05-0000044;ΜΑΞΙΛΑΡΙ ΜΑΚΡΟΣΤΕΝΟ 168*34 (ΡΟΖ - ΚΙΤΡΙΝΟ);pcs;Finished Product
ΕΙΔΗ-00000105;ΔΕΙΓΜΑ ΤΣΑΝΤΑ ΠΑΝΙΝΗ ΠΟΡΤΟΚΑΛΙ (ΤΙΓΡΗΣ);pcs;Finished Product
05-0000045;ΜΑΞΙΛΑΡΙ ΜΑΚΡΟΣΤΕΝΟ 168*34 (ΠΡΑΣΙΝΟ - ΜΑΥΡΟ);pcs;Finished Product
05-0000046;ΜΑΞΙΛΑΡΙ ΜΑΚΡΟΣΤΕΝΟ 168*34 (ΠΟΡΤΟΚΑΛΙ - ΜΠΛΕ);pcs;Finished Product
05-0000047;ΜΑΞΙΛΑΡΙ ΜΑΚΡΟΣΤΕΝΟ 168*34 (ΜΠΛΕ - ΜΑΥΡΟ);pcs;Finished Product
05-0000048;ΜΑΞΙΛΑΡΙ 88*34 (ΠΡΑΣΙΝΟ - ΛΙΛΑ);pcs;Finished Product
05-0000049;ΜΑΞΙΛΑΡΙ 88*34 (ΜΑΥΡΟ - ΠΟΡΤΟΚΑΛΙ);pcs;Finished Product
05-0000050;Pillow Yiayia face;pcs;Finished Product
07-0000122;Ροζ χάρτινη τσάντα;pcs;Packaging
ΕΙΔΗ-00000122;Yiayia gift box x mini olive oils;pcs;Finished Product
ΕΙΔΗ-00000146;Pins set of 3;pcs;Finished Product
05-0000058;Tote bag Orange;pcs;Finished Product
05-0000059;Tote bag Green;pcs;Finished Product
05-0000060;Tote bag Beige;pcs;Finished Product
ΕΙΔΗ-00000182;KΑΠΑΡΝΤΙΝΕ 65-35 150Φ;meters;Finished Product
ΕΙΔΗ-00000183;ΧΑΡΤΙ ΦΩΤΟΤΥΠΙΑΣ HP OFFICE A4 80 gr. ΠΑΚ/500φ;pcs;Consumables
ΕΙΔΗ-00000184;ΜΑΡΚΑΔΟΡΟΣ PILOT SCA TWIN ΛΕΠΤΟΣ;pcs;Consumables
ΕΙΔΗ-00000185;ΤΑΙΝΙΑ ΣΥΣΚΕΥΑΣΙΑΣ S/Q AΘΟΡΥΒΗ 48mmX60m;pcs;Consumables
ΕΙΔΗ-00000186;XΑΡΤΟΤΑΙΝΙΑ ΘΕΡΜΙΚΗ 57x40 (48gr/15m);pcs;Consumables
ΕΙΔΗ-00000187;ΠΛΑΣΤΙΚΕΣ ΣΑΚΟΥΛΕΣ;pcs;Consumables
ΕΙΔΗ-00000188;Παραδοσιακή Βασιλόπιτα 1κιλού;pcs;Fixed costs
ΕΙΔΗ-00000189;ΧΑΡΤΙ ΚΟΥΖΙΝΑΣ 2Χ2kg ΛΕΥΚΟ JUMBO ROLL;pcs;Consumables
ΕΙΔΗ-00000190;ΣΑΚ. ΓΡΑΦΕΙΟΥ ΣΕ ΡΟΛΟ ΛΕΥΚΗ 20 ΤΜΧ. 50Χ50cm;pcs;Consumables
ΕΙΔΗ-00000191;ΣΦΟΥΓΓΑΡΙ ΚΟΥΖΙΝΑΣ;pcs;Consumables
ΕΙΔΗ-00000192;ΕΠΑΓΓΕΛΜΑΤΙΚΟ 8Χ12 ΕΚ SILKY ΥΓΡΟ ΤΖΑΜΙΩΝ 1L ME ΨΕΚΑΣΤΗΡΑ;pcs;Consumables
05-0000061;Pillow Pig;pcs;Finished Product
05-0000062;Pillow Sun;pcs;Finished Product
05-0000063;Pillow Cat;pcs;Finished Product
05-0000064;Pillow Eyes blue long;pcs;Finished Product
05-0000065;Pillow Eyes black long;pcs;Finished Product
05-0000066;Pillow Frog;pcs;Finished Product
05-0000067;Πιάτο γουρούνι 20cm;pcs;Finished Product
05-0000068;Πιάτο 17 cm;pcs;Finished Product
05-0000069;Πιάτο 13 cm;pcs;Finished Product
05-0000070;HOSTERIA GOBLET CUP;pcs;Finished Product
05-0000071;MUG CUP;pcs;Finished Product
05-0000072;HIGH BALL CUP;pcs;Finished Product
05-0000073;"T-shirt ""Eyes"" S-M Pistachio";pcs;Finished Product
05-0000074;"T-shirt ""Eyes"" M-L Pistachio";pcs;Finished Product
05-0000075;"T-shirt ""EYES"" XL-2XL Pistachio";pcs;Finished Product
05-0000076;"T-shirt ""Fragile"" S-M Petrol";pcs;Finished Product
05-0000077;"T-shirt “Fragile"" M-L Petrol";pcs;Finished Product
05-0000078;"T-shirt ""Fragile"" XL-2XL Petrol";pcs;Finished Product
05-0000083;Pin Cat;pcs;Finished Product
05-0000084;Pin Bunny;pcs;Finished Product
05-0000085;Pin Yiayia;pcs;Finished Product
05-0000086;Pin Grasshopper;pcs;Finished Product
05-0000087;Pin Hedgehog;pcs;Finished Product
ΕΙΔΗ-00000233;Pin Athens Epidaurus Festival 2cm x 3.5cm;pcs;Finished Product
ΕΙΔΗ-00000234;Pin χορευτικές φιγούρες 3.3cm x 2.6cm;pcs;Finished Product
ΕΙΔΗ-00000235;Pin φιγούρες με φεγγάρι 2.8cm x 3cm;pcs;Finished Product
ΕΙΔΗ-00000236;Pin μάτια 2.8cm x 2.3cm;pcs;Finished Product
ΕΙΔΗ-00000237;Pin 3 φιγούρες 2.8cm x 3cm;pcs;Finished Product
ΕΙΔΗ-00000238;Σετ πιάτων;pcs;Finished Product
05-0000088;Tσάντα με τύπωμα (μάτια) 100% βαμβάκι;pcs;Finished Product
05-0000089;Pillow eyes orange long;pcs;Finished Product
05-0000090;Mini spatulas;pcs;Finished Product
ΕΙΔΗ-00000333;Box of Wishes Gift box (Extra virgin olive oil - Cinnamon biscuits - Candles);pcs;Finished Product
05-0000092;Mini spatula Frog;pcs;Finished Product
05-0000093;Mini spatula Dog;pcs;Finished Product
05-0000094;Mini spatula Bird;pcs;Finished Product
05-0000095;Mini spatula Pig;pcs;Finished Product
07-0000206;Ετικέτα σατεν 3x10cm;pcs;Raw Material
ΕΙΔΗ-00000244;Χ/Β 24ΤΜΧ;pcs;Packaging
ΕΙΔΗ-00000246;UK Συσκευασία δώρου evoo, evoo chilli, evoo basil, evoo garlic ( 6x50ml );pcs;Finished Product
07-0000011;KR yiayia can evoo 100ml (76x56x80);pcs;Raw Material
07-0000012;Τάπες πλαστικές μικρές can;pcs;Raw Material
07-0000013;US yiayia can evoo 100ml (76x56x80);pcs;Raw Material
07-0000014;EU yiayia can evoo 100ml (76x56x80);pcs;Raw Material
07-0000015;KR Στρογγυλό can 0,5ml (φ65);pcs;Raw Material
07-0000016;US Στρογγυλό can 0,5ml (φ65);pcs;Raw Material
07-0000017;Δοχείο 5lt can;pcs;Raw Material
07-0000018;US Lbl Sticker olive oil basil 6.8fl oz round;pcs;Raw Material
07-0000019;US Sticker olive oil basil 1.69fl oz round;pcs;Raw Material
07-0000020;US Lbl Sticker olive oil garlic 6.8fl oz round;pcs;Raw Material
07-0000021;US Sticker olive oil garlic 1.69fl oz round;pcs;Raw Material
07-0000022;EU Sticker olive oil basil 200ml round;pcs;Raw Material
07-0000023;EU Sticker olive oil garlic 200ml round;pcs;Raw Material
07-0000024;US Sticker extra virgin olive oil 1.69fl oz round;pcs;Raw Material
07-0000025;EU Sticker olive oil chili 50ml round;pcs;Raw Material
07-0000026;EU Sticker olive oil truffle 50ml round;pcs;Raw Material
07-0000027;EU Sticker olive oil lemon 50ml round;pcs;Raw Material
07-0000028;EU Sticker olive oil basil 50ml round;pcs;Raw Material
07-0000029;EU Sticker olive oil garlic 50ml round;pcs;Raw Material
07-0000030;EU Sticker extra virgin olive oil 50ml round;pcs;Raw Material
07-0000031;US Sticker olive oil chili 1.69fl oz round;pcs;Raw Material
07-0000032;US Sticker olive oil truffle 1.69fl oz round;pcs;Raw Material
07-0000033;US Lbl Sticker olive oil chili 6.8fl oz round;pcs;Raw Material
07-0000034;US Lbl Sticker olive oil truffle 6.8fl oz round;pcs;Raw Material
07-0000035;EU Sticker olive oil truffle 200ml round;pcs;Raw Material
07-0000036;EU Sticker olive oil chili 200ml round;pcs;Raw Material
07-0000037;EU LBL yiayia aged organic balsamic vinegar;pcs;Raw Material
07-0000038;US Sticker olive oil love edition 1.69fl oz round;pcs;Raw Material
07-0000039;EU Sticker olive oil love edition 50ml round;pcs;Raw Material
07-0000040;EU Lbl tomato sauce thyme & oregano 280ml;pcs;Raw Material
07-0000041;US Lbl tomato sauce thyme & oregano 280ml;pcs;Raw Material
07-0000042;US Sticker olive oil lemon 1.69fl oz round;pcs;Raw Material
07-0000043;US Lbl Sticker olive oil lemon 6.8fl oz round;pcs;Raw Material
07-0000044;EU Sticker olive oil lemon 200ml round;pcs;Raw Material
07-0000045;US LBL yiayia aged organic balsamic vinegar;pcs;Raw Material
07-0000051;EU Lbl back olive oil basil 200ml;pcs;Raw Material
07-0000052;EU Lbl back olive oil garlic 200ml;pcs;Raw Material
07-0000053;EU Lbl back olive oil chili 200ml;pcs;Raw Material
07-0000054;US Lbl back olive oil basil 6.8fl oz;pcs;Raw Material
07-0000055;US Lbl back olive oil garlic 6.8fl oz;pcs;Raw Material
07-0000056;US Lbl back olive oil chili 6.8fl oz;pcs;Raw Material
07-0000057;EU Lbl back olive oil truffle 200ml;pcs;Raw Material
07-0000058;EU Lbl back olive oil lemon 200ml;pcs;Raw Material
07-0000059;US Lbl yiayia and friends red fruit vinegar;pcs;Raw Material
07-0000060;AU Lbl back olive oil basil 200ml;pcs;Raw Material
07-0000061;AU Lbl back olive oil garlic 200ml;pcs;Raw Material
07-0000062;AU Lbl back olive oil chili 200ml;pcs;Raw Material
07-0000063;AU Lbl back olive oil lemon 200ml;pcs;Raw Material
07-0000064;AU Lbl back olive oil truffle 200ml;pcs;Raw Material
07-0000065;US Lbl yiayia salt flakes with Safety 100gr;pcs;Raw Material
07-0000066;EU Lbl yiayia salt flakes with Safety 100gr;pcs;Raw Material
07-0000067;EU Lbl yiayia and friends red fruit vinegar;pcs;Raw Material
07-0000068;EU Lbl yiayia and friends citrus fruit vinegar;pcs;Raw Material
07-0000069;Πώμα Πλαστικής Κεφ. (23x10x15) 50ml;pcs;Raw Material
07-0000070;Sleeve LF:42(-0,+1)mm PR:30(-1,+1)mm διάφανη ατύπωτο με 1 σειρά εκοπών Metalux;pcs;Raw Material
07-0000071;Sleeve LF:57(-0,+1)mm PR:36(-1,+1)mm διάφανη ατύπωτο με 2 σειρές εγκοπών Metalux;pcs;Raw Material
07-0000072;Sleeve LF:65(-0,+1)mm PR:45(-1,+1)mm διάφανη ατύπωτο με 2 σειρές εγκοπών Metalux;pcs;Raw Material
07-0000073;Δίχτυ συσκευασίας 12cm Berlin;pcs;Raw Material
07-0000074;Δίχτυ συσκευασίας 15cm Berlin;pcs;Raw Material
07-0000075;Μπισκότα κανέλας;kg;Raw Material
07-0000076;Παξιμάδι γραβιέρας;kg;Raw Material
07-0000077;Παξιμάδι ρίγανης;kg;Raw Material
07-0000078;Παξιμάδι ντομάτας;kg;Raw Material
07-0000079;Μπισκότα καρότο;kg;Raw Material
07-0000080;Μπισκότα μανταρίνι;kg;Raw Material
07-0000091;Yiayia & friends σκαφακια ατυπωτα;pcs;Raw Material
07-0000092;Σακουλάκι λαμιναρισμένο 24,5x8/12,5;kg;Raw Material
07-0000093;Black Χ/Β 12τμχ (31,5*23,5*19,2) DS SMITH;pcs;Raw Material
07-0000094;White Χ/Β 6τμχ (18,5*12,5*15,3) DS SMITH;pcs;Raw Material
07-0000095;White snake Χ/Β 24τμχ DS SMITH;pcs;Raw Material
07-0000096;White Χ/Β 30τμχ DS SMITH;pcs;Raw Material
07-0000097;Aither organic chili essential oil Bioaroma;litres;Raw Material
07-0000098;Aither organic basil essential oil Bioaroma;litres;Raw Material
07-0000099;Aither organic garlic essential oil Bioaroma;litres;Raw Material
02-0000001;KR Εξαιρετικό παρθένο ελαιόλαδο με βασιλικό, bottle 200ml;pcs;Finished Product
02-0000002;KR Εξαιρετικό παρθένο ελαιόλαδο με λεμόνι, bottle 200ml;pcs;Finished Product
02-0000003;KR Εξαιρετικό παρθένο ελαιόλαδο με μαύρη τρούφα, bottle 200ml;pcs;Finished Product
02-0000004;KR Εξαιρετικό παρθένο ελαιόλαδο με πιπεριά τσίλι, bottle 200ml;pcs;Finished Product
02-0000005;KR Εξαιρετικό παρθένο ελαιόλαδο με σκόρδο, bottle 200ml;pcs;Finished Product
02-0000006;KR Εξαιρετικό παρθένο ελαιόλαδο, 50ml_Valentine;pcs;Finished Product
02-0000007;KR Εξαιρετικό παρθένο ελαιόλαδο, bottle 500ml_Valentine;pcs;Finished Product
02-0000008;KR Εξαιρετικό παρθένο ελαιόλαδο, can 100ml;pcs;Finished Product
02-0000009;KR Εξαιρετικό παρθένο ελαιόλαδο, can 500ml (rectangle);pcs;Finished Product
05-0000001;Postcards-set of 8;pcs;Finished Product
03-0000001;US 3pk (Tomato-Graviera-Carrot);pcs;Finished Product
04-0000001;US Βίδες λαχανικών με παντζάρι, καρότο, σπανάκι, 400gr;pcs;Finished Product
04-0000002;US Βιολογικό παλαιωμένο βαλσάμικο ξύδι, bottle 200ml;pcs;Finished Product
02-0000010;US Εξαιρετικό παρθένο ελαιόλαδο με βασιλικό, bottle 200ml;pcs;Finished Product
02-0000011;US Εξαιρετικό παρθένο ελαιόλαδο με λεμόνι, bottle 200ml;pcs;Finished Product
02-0000012;US Εξαιρετικό παρθένο ελαιόλαδο με μαύρη τρούφα, bottle 200ml;pcs;Finished Product
02-0000013;US Εξαιρετικό παρθένο ελαιόλαδο με πιπεριά τσίλι, bottle 200ml;pcs;Finished Product
02-0000014;US Εξαιρετικό παρθένο ελαιόλαδο με σκόρδο, bottle 200ml;pcs;Finished Product
02-0000015;US Εξαιρετικό παρθένο ελαιόλαδο, bottle 500ml;pcs;Finished Product
02-0000016;US Εξαιρετικό παρθένο ελαιόλαδο, bottle 500ml_Valentine;pcs;Finished Product
02-0000017;US Εξαιρετικό παρθένο ελαιόλαδο, can 250ml;pcs;Finished Product
02-0000018;US Εξαιρετικό παρθένο ελαιόλαδο, can 500ml;pcs;Finished Product
02-0000019;US Εξαιρετικό παρθένο ελαιόλαδο, can 5ltr;pcs;Finished Product
03-0000002;US Κρητικά κουλουράκια κανέλας, 120gr;pcs;Finished Product
03-0000003;US Κρητικά κουλουράκια μανταρινιού, 120gr;pcs;Finished Product
03-0000004;US Κρητικά κριτσίνια καρότου, 120gr;pcs;Finished Product
03-0000005;US Κρητικά παξιμαδάκια με γραβιέρα, 60gr;pcs;Finished Product
03-0000006;US Κρητικά παξιμαδάκια με ελαιόλαδο και ρίγανη, 60gr;pcs;Finished Product
03-0000007;US Κρητικά παξιμαδάκια με λιαστή ντομάτα και κρεμμύδι, 60gr;pcs;Finished Product
04-0000003;US Ξύδι από χυμό εσπεριδοειδών, bottle 200ml;pcs;Finished Product
04-0000004;US Ξύδι από χυμό κόκκινων φρούτων, bottle 200ml;pcs;Finished Product
06-0000001;US Σάλτσα ντομάτας με ρίγανη και θυμάρι, 280gr;pcs;Finished Product
06-0000002;Άνθος αλατιού, 100gr, jar;pcs;Finished Product
06-0000003;Βίδες λαχανικών με παντζάρι, καρότο, σπανάκι, 400gr;pcs;Finished Product
04-0000005;Βιολογικό παλαιωμένο βαλσάμικο ξύδι, bottle 200ml;pcs;Finished Product
02-0000020;Εξαιρετικό παρθένο ελαιόλαδο με βασιλικό, bottle 200ml;pcs;Finished Product
02-0000021;Εξαιρετικό παρθένο ελαιόλαδο με λεμόνι, bottle 200ml;pcs;Finished Product
02-0000022;Εξαιρετικό παρθένο ελαιόλαδο με πιπεριά τσίλι, bottle 200ml;pcs;Finished Product
02-0000023;Εξαιρετικό παρθένο ελαιόλαδο με σκόρδο, bottle 200ml;pcs;Finished Product
02-0000024;Εξαιρετικό παρθένο ελαιόλαδο με τρούφα, bottle 200ml;pcs;Finished Product
02-0000025;Εξαιρετικό παρθένο ελαιόλαδο, 50ml;pcs;Finished Product
02-0000026;Εξαιρετικό παρθένο ελαιόλαδο, 50ml_Valentine;pcs;Finished Product
02-0000027;Εξαιρετικό παρθένο ελαιόλαδο, bottle 500ml;pcs;Finished Product
02-0000028;Εξαιρετικό παρθένο ελαιόλαδο, bottle 500ml_Valentine;pcs;Finished Product
02-0000029;Εξαιρετικό παρθένο ελαιόλαδο, can 250ml;pcs;Finished Product
02-0000030;Εξαιρετικό παρθένο ελαιόλαδο, can 5ltr;pcs;Finished Product
03-0000008;Κρητικά κουλουράκια κανέλας, 120gr;pcs;Finished Product
03-0000009;Κρητικά κουλουράκια μανταρινιού, 120gr;pcs;Finished Product
03-0000010;Κρητικά κριτσίνια καρότου, 120gr;pcs;Finished Product
03-0000011;Κρητικά παξιμαδάκια με γραβιέρα, 60gr;pcs;Finished Product
03-0000012;Κρητικά παξιμαδάκια με ελαιόλαδο και ρίγανη, 60gr;pcs;Finished Product
03-0000013;Κρητικά παξιμαδάκια με λιαστή ντομάτα και κρεμμύδι, 60gr;pcs;Finished Product
04-0000006;Ξύδι από χυμό εσπεριδοειδών, bottle 200ml;pcs;Finished Product
04-0000007;Ξύδι από χυμό κόκκινων φρούτων, bottle 200ml;pcs;Finished Product
06-0000004;Σάλτσα ντομάτας με ρίγανη και θυμάρι, 280gr;pcs;Finished Product
05-0000002;Σετ πιάτων (γουρούνι-πουλί-σκαντζόχοιρος);pcs;Finished Product
04-0000008;Συσκευασία δώρου (Evoo 500ml ,Red fruit vinegar bottle 200ml);pcs;Finished Product
02-0000031;Συσκευασία δώρου evoo, evoo chilli, evoo basil, evoo garlic ( 4x50ml );pcs;Finished Product
01-0000001;ΕΙΔΟΣ ΓΙΑ ΠΑΡΤΙΔΑ;pcs;Finished Product
02-0000032;US Εξαιρετικό παρθένο ελαιόλαδο με βασιλικό, bottle 50ml;pcs;Finished Product
02-0000033;US Εξαιρετικό παρθένο ελαιόλαδο, 50ml;pcs;Finished Product
02-0000034;US Εξαιρετικό παρθένο ελαιόλαδο με σκόρδο, bottle 50ml;pcs;Finished Product
02-0000035;US Εξαιρετικό παρθένο ελαιόλαδο με πιπεριά τσίλι, bottle 50ml;pcs;Finished Product
02-0000036;US Εξαιρετικό παρθένο ελαιόλαδο με μαύρη τρούφα, bottle 50ml;pcs;Finished Product
02-0000037;US Εξαιρετικό παρθένο ελαιόλαδο με λεμόνι, bottle 50ml;pcs;Finished Product
05-0000003;Pin Dog;pcs;Finished Product
05-0000004;Pin set of 3 - (Yiayia-Bunny-Dog);pcs;Finished Product
05-0000005;Pin set of 3 - (Grasshopper-Cat-Hedgehog);pcs;Finished Product
02-0000038;KR Εξαιρετικό παρθένο ελαιόλαδο - Harvest of love 2x500ml;pcs;Finished Product
07-0000001;Κυψέλη 6 θέσεων (178x120X148);pcs;Finished Product
07-0000002;Βίδες Λαχανικών;kg;Finished Product
02-0000039;Box of Wishes Gift box (Extra virgin olive oil - Cinnamon biscuits - Candles);pcs;Finished Product
02-0000040;US Συσκευασία δώρου evoo, evoochilli, basil, garlic, lemon, truffle (6x50ml) με sticker;pcs;Finished Product
02-0000041;Συσκευασία δώρου evoo, evoo chilli, evoo basil, evoo garlic, evoo lemon, evoo truffle ( 6x50ml );pcs;Finished Product
05-0000091;Κεραμικό πιάτο;pcs;Finished Product
07-0000123;Χάρτινο κουτί;pcs;Packaging
07-0000124;Elitecap Pourer Wood One 29x13-19,5 Natural Beech Beige Inj;pcs;Raw Material
07-0000125;yiayia chili 200ml Berlin;pcs;Raw Material
07-0000126;yiayia garlic 200ml Berlin;pcs;Raw Material
07-0000127;yiayia lemon 200ml Berlin;pcs;Raw Material
07-0000128;yiayia basil 200ml Berlin;pcs;Raw Material
07-0000129;yiayia truffle 200ml Berlin;pcs;Raw Material
07-0000130;yiayia chili 50ml Berlin;pcs;Raw Material
07-0000131;yiayia garlic 50ml Berlin;pcs;Raw Material
07-0000132;yiayia lemon 50ml Berlin;pcs;Raw Material
07-0000133;yiayia basil 50ml Berlin;pcs;Raw Material
07-0000134;yiayia truffle 50ml Berlin;pcs;Raw Material
07-0000135;yiayia black 500ml Berlin;pcs;Raw Material
07-0000136;KR yiayia black 500ml Berlin;pcs;Raw Material
07-0000137;US yiayia black 500ml Berlin;pcs;Raw Material
07-0000138;yiayia pink 500ml Berlin;pcs;Raw Material
07-0000139;KR yiayia pink 500ml Berlin;pcs;Raw Material
07-0000140;US yiayia pink 500ml Berlin;pcs;Raw Material
07-0000141;Oil Bottle 500ml Μποτζάκη;pcs;Raw Material
07-0000142;Oil Tin Can 100ml Μποτζάκη;pcs;Raw Material
07-0000143;Oil Tin Can 250ml Μποτζάκη;pcs;Raw Material
07-0000144;Oil Tin Can 500ml Μποτζάκη;pcs;Raw Material
07-0000145;Oil Tin Can 5000ml Μποτζάκη;pcs;Raw Material
07-0000146;Oil EVOO chili 200ml Bottle Μποτζάκη;pcs;Raw Material
07-0000147;Oil EVOO truffle 200ml Bottle Μποτζάκη;pcs;Raw Material
07-0000148;Oil EVOO truffle 50ml Bottle Μποτζάκη;pcs;Raw Material
07-0000149;Oil EVOO chili 50ml Bottle Μποτζάκη;pcs;Raw Material
07-0000150;Elitecap Pourer Wood One 29x13-19 Natural Beech Beige Inj;pcs;Raw Material
07-0000151;yiayia pink 50ml Berlin;pcs;Raw Material
07-0000152;US Lbl back olive oil lemon 6.8fl oz;pcs;Raw Material
07-0000153;US Lbl back olive oil truffle 6.8fl oz;pcs;Raw Material
07-0000154;US yiayia can evoo 250ml;pcs;Raw Material
07-0000155;US Δοχείο can 5ltr;pcs;Raw Material
07-0000156;yiayia vinegar 200ml Berlin;pcs;Raw Material
07-0000157;US Lbl yiayia and friends citrus fruit vinegar;pcs;Raw Material
07-0000158;Δοχείο 250ml can;pcs;Raw Material
07-0000160;EU Lbl spaghetti;pcs;Raw Material
07-0000161;Αλάτι;pcs;Raw Material
07-0000163;Σαλτσα τομάτας;pcs;Raw Material
07-0000164;US yiayia and friends Lbl spaghetti;pcs;Raw Material
02-0000043;Εξαιρετικό παρθένο ελαιόλαδο με πιπεριά τσίλι, bottle 50ml;pcs;Finished Product
02-0000044;Εξαιρετικό παρθένο ελαιόλαδο με βασιλικό, bottle 50ml;pcs;Finished Product
02-0000045;Εξαιρετικό παρθένο ελαιόλαδο με σκόρδο, bottle 50ml;pcs;Finished Product
02-0000046;Εξαιρετικό παρθένο ελαιόλαδο με μαύρη τρούφα, bottle 50ml;pcs;Finished Product
02-0000047;Εξαιρετικό παρθένο ελαιόλαδο με λεμόνι, bottle 50ml;pcs;Finished Product
07-0000165;AU LBL yiayia aged organic balsamic vinegar;pcs;Raw Material
02-0000048;Εξαιρετικό παρθένο ελαιόλαδο, bottle 500ml_Harvest of love yellow;pcs;Finished Product
07-0000166;yiayia yellow 500ml Berlin;pcs;Raw Material
02-0000049;Εξαιρετικό παρθένο ελαιόλαδο, bottle 500ml_Harvest of love blue;pcs;Finished Product
07-0000168;yiayia blue 500ml Berlin;pcs;Raw Material
07-0000169;Εξωτερικό κουτί - Συσκευασία δώρου evoo,evoo chilli,basil, garlic, lemon,truffle( 6x50ml );pcs;Raw Material
07-0000170;Εξωτερικό κουτί - Box of Wishes Gift box (Extra virgin olive oil - Cinnamon biscuits - Candles);pcs;Raw Material
07-0000171;Πιάτο γουρούνι 20cm;pcs;Raw Material
07-0000172;Πιάτο πουλί 17 cm;pcs;Raw Material
07-0000173;Πιάτο σκατζόχοιρος 13 cm;pcs;Raw Material
07-0000174;Πιάτο πουλί 13 cm;pcs;Raw Material
07-0000175;Πιάτο γουρούνι 17cm;pcs;Raw Material
07-0000176;Πιάτο ακρίδα 20cm;pcs;Raw Material
05-0000096;Σετ πιάτων (ακρίδα-γουρούνι-πουλί);pcs;Finished Product
07-0000177;Εξωτερικό κουτί-Συσκευασία δώρου (Evoo 500ml ,Red fruit vinegar bottle 200ml);pcs;Raw Material
07-0000178;Star wax;pcs;Raw Material
07-0000179;Tree wax;pcs;Raw Material
07-0000180;Oil Ceramic Bottle 50ml Μποτζάκη;pcs;Raw Material
07-0000181;Τάπες πλαστικές μικρές 50ml;pcs;Raw Material
07-0000182;yiayia black 50ml Berlin;pcs;Raw Material
07-0000183;EU yiayia can evoo 250ml;pcs;Raw Material
07-0000184;Εξωτερικό κουτί-Συσκευασία δώρου (harvest of love bottle 500ml);pcs;Raw Material
06-0000005;US Άνθος αλατιού, 100gr, jar;pcs;Finished Product
07-0000185;Jar italia RB 156cc Flint White Twist Off 63Deep;pcs;Raw Material
07-0000186;Twist-Off 63 Deep Black Past BPA N.I;pcs;Raw Material
07-0000188;Βιομηχανικη παλέτα;pcs;Packaging
07-0000189;Oil EVOO garlic 200ml Bottle Μποτζάκη;pcs;Raw Material
07-0000190;Oil EVOO basil 200ml Bottle Μποτζάκη;pcs;Raw Material
07-0000191;Oil EVOO basil 50ml Bottle Μποτζάκη;pcs;Raw Material
07-0000192;Oil EVOO garlic 50ml Bottle Μποτζάκη;pcs;Raw Material
07-0000193;Oil EVOO lemon 200ml Bottle Μποτζάκη;pcs;Raw Material
07-0000194;Oil EVOO lemon 50ml Bottle Μποτζάκη;pcs;Raw Material
02-0000050;US Εξαιρετικό παρθένο ελαιόλαδο, bottle 500ml_Harvest of love yellow;pcs;Finished Product
02-0000051;US Εξαιρετικό παρθένο ελαιόλαδο, bottle 500ml_Harvest of love blue;pcs;Finished Product
07-0000195;US Lbl back Yiayia gift box ( 6x50ml );pcs;Raw Material
07-0000196;AU Lbl back Yiayia gift box ( 6x50ml );pcs;Raw Material
07-0000197;UK Lbl back Yiayia gift box ( 6x50ml );pcs;Raw Material
07-0000198;Εξωτερικό κουτί-Συσκευασία δώρου (harvest of love bottle 500ml) US;pcs;Raw Material
02-0000052;AU Συσκευασία δώρου evoo, evoo chilli, evoo basil, evoo garlic, evoo lemon, evoo truffle ( 6x50ml );pcs;Finished Product
02-0000053;UK Συσκευασία δώρου evoo, evoo chilli, evoo basil, evoo garlic, evoo lemon, evoo truffle ( 6x50ml );pcs;Finished Product
02-0000054;Εξαιρετικό παρθένο ελαιόλαδο - Harvest of love 2x500ml;pcs;Finished Product
07-0000199;Ευρωπαλετα;pcs;Packaging
07-0000200;Avias Ranch olive oil 500ml Berlin (D11735)^;pcs;Raw Material
07-0000201;Avias Ranch olive oil 500ml Berlin (D11736)^;pcs;Raw Material
07-0000202;Δίχτυ συσκευασίας 23cm Berlin^;pcs;Raw Material
07-0000203;Διαχωριστικα παλετών χαρτινα 100x120 Ασφαλείας Berlin^;pcs;Raw Material
07-0000295;Καρτποστάλ Κίτρινα Μάτια;pcs;Finished Product
05-0000109;Postcards set of 12 mix;pcs;Finished Product
07-0000309;yiayia tomato 200ml Berlin;pcs;Raw Material
07-0000310;KR yiayia limited love edition 500ml Berlin;pcs;Raw Material
02-0000088;KR Εξαιρετικό παρθένο ελαιόλαδο, bottle 500ml_Heart and paws Limited Edition;pcs;Finished Product
05-0000110;Valentines Card LOVE - set of 6 cards;pcs;Finished Product
05-0000111;Valentines Card LOVE;pcs;Finished Product
05-0000112;Valentines Card HEARTS;pcs;Finished Product
05-0000113;Valentines Card DACHSHUND;pcs;Finished Product
05-0000114;Valentines Card VALENTINE;pcs;Finished Product
05-0000115;Valentines Card HEARTS- set of 6 cards;pcs;Finished Product
05-0000116;Valentines Card DACHSHUND - set of 6 cards;pcs;Finished Product
05-0000117;Valentines Card VALENTINE - set of 6 cards;pcs;Finished Product
05-0000118;Valentines Card - set of 4 cards;pcs;Finished Product
07-0000336;EU Sticker olive oil lemon 50ml round ανάγλυφα;pcs;Raw Material
07-0000337;EU Sticker olive oil 50ml round ανάγλυφα;pcs;Raw Material
07-0000338;EU Sticker olive oil basil 50ml round ανάγλυφα;pcs;Raw Material
07-0000339;EU Sticker olive oil black truffle 50ml round ανάγλυφα;pcs;Raw Material
07-0000340;EU Sticker olive oil chilli 50ml round ανάγλυφα;pcs;Raw Material
07-0000341;EU Sticker olive oil garlic 50ml round ανάγλυφα;pcs;Raw Material
07-0000342;EU Sticker olive oil tomato 50ml round ανάγλυφα;pcs;Raw Material
07-0000343;US Sticker olive oil tomato 6.8oz round ανάγλυφα;pcs;Raw Material
07-0000344;US Sticker olive oil chilli 6.8oz round ανάγλυφα;pcs;Raw Material
07-0000345;US Sticker olive oil basil 6.8oz round ανάγλυφα;pcs;Raw Material
07-0000346;US Sticker olive oil garlic 6.8oz round ανάγλυφα;pcs;Raw Material
07-0000347;US Sticker olive oil black truffle 6.8oz round ανάγλυφα;pcs;Raw Material
07-0000348;US Sticker olive oil lemon 6.8oz round ανάγλυφα;pcs;Raw Material
07-0000349;Εξωτερικό κουτί -US Συσκευασία δώρου christmas edition ( 6x50ml );pcs;Raw Material
07-0000252;Oil EVOO with truffle ΧΥΜΑ Μποτζάκη;litres;Raw Material
02-0000068;Εξαιρετικό παρθένο ελαιόλαδο με τρούφα, Παλετοδεξαμενή IBC;litres;Finished Product
07-0000228;Φερμουαρ Σπιραλ Διαχ. Απλα 69εκ-70εκ;pcs;Raw Material
05-0000099;Κεντημένη ποδιά;pcs;Finished Product
07-0000204;Παλέτα;pcs;Packaging
07-0000329;US Sticker olive oil tomato 1.69fl oz round;pcs;Raw Material
ΕΙΔΗ-00000243;Πώμα.Ρυθμιστής ροής 29x13-19.5;pcs;Finished Product
02-0000091;KR Εξαιρετικό παρθένο ελαιόλαδο, can 250ml (rectangle);pcs;Finished Product
02-0000092;KR Εξαιρετικό παρθένο ελαιόλαδο, can 750ml (rectangle);pcs;Finished Product
02-0000086;KR Εξαιρετικό παρθένο ελαιόλαδο, bottle 500ml-Christmas;pcs;Finished Product
07-0000272;Elitecap Pourer Wood One 29x13-19,5 White Beech Beige Inj;pcs;Raw Material
07-0000279;EU Sticker olive oil yellow 50ml round;pcs;Raw Material
07-0000280;EU Sticker olive oil blue 50ml round;pcs;Raw Material
07-0000281;EU Sticker olive oil green 50ml round;pcs;Raw Material
07-0000282;EU Sticker olive oil red 50ml round;pcs;Raw Material
07-0000283;EU Sticker olive oil Fuchsia 50ml round;pcs;Raw Material
07-0000284;EU Sticker olive oil white 50ml round;pcs;Raw Material
04-0000012;Παλαιωμένο βαλσάμικο ξύδι 200ml;pcs;Finished Product
04-0000013;Λευκό παλαιωμένο βαλσάμικο ξύδι 200ml;pcs;Finished Product
07-0000285;yiayia white vinegar 200ml Berlin;pcs;Raw Material
07-0000286;Ξύδι Λευκό παλαιωμένο 200ml;pcs;Raw Material
07-0000287;Πώμα Πλαστικής Κεφ. (23x10x15) caps 50ml Berlin;pcs;Raw Material
ΕΙΔΗ-00000173;KR Εξαιρετικό παρθένο ελαιόλαδο με βασιλικό, bottle 200ml;pcs;Finished Product
ΕΙΔΗ-00000174;KR Εξαιρετικό παρθένο ελαιόλαδο με σκόρδο, bottle 200ml;pcs;Finished Product
ΕΙΔΗ-00000175;KR Εξαιρετικό παρθένο ελαιόλαδο με πιπεριά τσίλι, bottle 200ml;pcs;Finished Product
ΕΙΔΗ-00000176;KR Εξαιρετικό παρθένο ελαιόλαδο με μαύρη τρούφα, bottle 200ml;pcs;Finished Product
ΕΙΔΗ-00000177;KR Εξαιρετικό παρθένο ελαιόλαδο με λεμόνι, bottle 200ml;pcs;Finished Product
07-0000258;yiayia christmas 500ml Berlin;pcs;Raw Material
07-0000259;Εξωτερικο κουτί-Εξαιρετικο παρθένο ελαιόλαδο, bottle 500ml-Christmas;pcs;Packaging
ΕΙΔΗ-00000195;US Σάλτσα ντομάτας με ρίγανη και θυμάρι, 280gr;pcs;Finished Product
05-0000107;Postcards set of 6 Yiayia and Friends;pcs;Finished Product
05-0000108;Postcards set of 6 Illustrations;pcs;Finished Product
07-0000311;EU Lbl back olive oil Limited Love Edition 500ml;pcs;Raw Material
02-0000089;Εξαιρετικό παρθένο ελαιόλαδο, bottle 500ml_Heart and paws Limited Edition;pcs;Finished Product
02-0000090;Πυρηνέλαιο 5ltr;pcs;Finished Product
04-0000014;KR Λευκό παλαιωμένο βαλσάμικο ξύδι 200ml;pcs;Finished Product
04-0000015;KR Παλαιωμένο βαλσάμικο ξύδι 200ml;pcs;Finished Product
07-0000312;KR LBL yiayia white organic balsamic vinegar;pcs;Raw Material
07-0000313;KR LBL yiayia aged balsamic vinegar;pcs;Raw Material
05-0000120;Pin Heart;pcs;Finished Product
07-0000330;US yiayia vinegar 200ml Berlin;pcs;Raw Material
07-0000331;US yiayia white vinegar 200ml Berlin;pcs;Raw Material
09-0000002;Ginger Nat Extract POwder Org;kg;Raw Material
04-0000016;US Παλαιωμένο βαλσάμικο ξύδι 200ml;pcs;Finished Product
04-0000017;US Λευκό παλαιωμένο βαλσάμικο ξύδι 200ml;pcs;Finished Product
02-0000094;US Εξαιρετικό παρθένο ελαιόλαδο, can 100ml;pcs;Finished Product
02-0000095;US Εξαιρετικό παρθένο ελαιόλαδο με ντομάτα, bottle 200ml;pcs;Finished Product
05-0000121;EN Fairytale Yiayia;pcs;Finished Product
05-0000122;KR Fairytale Yiayia;pcs;Finished Product
04-0000018;AU Παλαιωμένο βαλσάμικο ξύδι 200ml;pcs;Finished Product
04-0000019;AU Λευκό παλαιωμένο βαλσάμικο ξύδι 200ml;pcs;Finished Product
07-0000350;AU LBL yiayia aged balsamic vinegar;pcs;Raw Material
ΕΙΔΗ-00000223;Εξαιρετικό παρθένο ελαιόλαδο με βασιλικό, can 5ltr;pcs;Finished Product
ΕΙΔΗ-00000224;Εξαιρετικό παρθένο ελαιόλαδο με σκόρδο, can 5ltr;pcs;Finished Product
ΕΙΔΗ-00000225;Εξαιρετικό παρθένο ελαιόλαδο με πιπεριά τσίλι, can 5ltr;pcs;Finished Product
ΕΙΔΗ-00000226;Εξαιρετικό παρθένο ελαιόλαδο με μαύρη τρούφα, can 5ltr;pcs;Finished Product
ΕΙΔΗ-00000227;Εξαιρετικό παρθένο ελαιόλαδο με λεμόνι, can 5ltr;pcs;Finished Product
07-0000003;Χ/Β 12ΤΜΧ;pcs;Packaging
07-0000004;Χ/Β 6ΤΜΧ;pcs;Packaging
ΕΙΔΗ-00000043;Άδειος τενεκές, can 5ltr;pcs;Packaging
ΕΙΔΗ-00000055;Άδειος τενεκές, can 250ml;pcs;Packaging
07-0000010;Άδειο μπουκάλι 200ml;pcs;Raw Material
07-0000121;Μαύρη χάρτινη τσάντα;pcs;Packaging
ΕΙΔΗ-00000096;Εξαιρετικό παρθένο ελαιόλαδο με βασιλικό, bottle 50ml EU;pcs;Finished Product
ΕΙΔΗ-00000097;Εξαιρετικό παρθένο ελαιόλαδο με σκόρδο, bottle 50ml EU;pcs;Finished Product
ΕΙΔΗ-00000098;Εξαιρετικό παρθένο ελαιόλαδο με πιπεριά τσίλι, bottle 50ml EU;pcs;Finished Product
ΕΙΔΗ-00000099;Pins;pcs;Finished Product
ΕΙΔΗ-00000111;Εξαιρετικό παρθένο ελαιόλαδο με μαύρη τρούφα, bottle 50ml EU;pcs;Finished Product
ΕΙΔΗ-00000112;Εξαιρετικό παρθένο ελαιόλαδο με λεμόνι, bottle 50ml EU;pcs;Finished Product
ΕΙΔΗ-00000113;US Εξαιρετικό παρθένο ελαιόλαδο με μαύρη τρούφα, bottle 200ml;pcs;Finished Product
ΕΙΔΗ-00000114;US Εξαιρετικό παρθένο ελαιόλαδο με λεμόνι, bottle 200ml;pcs;Finished Product
ΕΙΔΗ-00000115;US Εξαιρετικό παρθένο ελαιόλαδο, can 500ml;pcs;Finished Product
ΕΙΔΗ-00000116;KR Εξαιρετικό παρθένο ελαιόλαδο, can 500ml;pcs;Finished Product
ΕΙΔΗ-00000118;Εξαιρετικό παρθένο ελαιόλαδο με μαύρη τρούφα, bottle 50ml;pcs;Finished Product
ΕΙΔΗ-00000119;Εξαιρετικό παρθένο ελαιόλαδο με λεμόνι, bottle 50ml;pcs;Finished Product
ΕΙΔΗ-00000120;Συσκευασία δώρου (Evoo 500ml ,Red fruit vinegar bottle 200ml);pcs;Finished Product
07-0000100;Εξωτερικό κουτάκι--Κρητικά κριτσίνια καρότου, 120gr EU;pcs;Packaging
07-0000103;Εξωτερικό κουτάκι--Κρητικά κουλουράκια κανέλας, 120gr EU;pcs;Packaging
07-0000104;Εξωτερικό κουτάκι--Κρητικά κουλουράκια μανταρινιού, 120gr EU;pcs;Packaging
07-0000105;Εξωτερικό κουτάκι--Κρητικά παξιμαδάκια με γραβιέρα, 60gr EU;pcs;Packaging
07-0000106;Εξωτερικό κουτάκι--Κρητικά παξιμαδάκια με ελαιόλαδο και ρίγανη, 60gr EU;pcs;Packaging
07-0000107;Εξωτερικό κουτάκι--Κρητικά παξιμαδάκια με λιαστή ντομάτα και κρεμμύδι, 60gr EU;pcs;Packaging
07-0000108;Εξωτερικό κουτάκι--Κρητικά κριτσίνια καρότου, 120gr US;pcs;Packaging
07-0000109;Εξωτερικό κουτάκι--Κρητικά κουλουράκια κανέλας, 120gr US;pcs;Packaging
07-0000110;Εξωτερικό κουτάκι--Κρητικά κουλουράκια μανταρινιού, 120gr US;pcs;Packaging
07-0000111;Εξωτερικό κουτάκι--Κρητικά παξιμαδάκια με γραβιέρα, 60gr US;pcs;Packaging
07-0000112;Εξωτερικό κουτάκι--Κρητικά παξιμαδάκια με ελαιόλαδο και ρίγανη, 60gr US;pcs;Packaging
07-0000117;Εξωτερικό κουτάκι--Κρητικά κριτσίνια καρότου, 120gr UK;pcs;Packaging
07-0000116;Εξωτερικό κουτάκι--Κρητικά κουλουράκια κανέλας, 120gr UK;pcs;Packaging
07-0000115;Εξωτερικό κουτάκι--Κρητικά κουλουράκια μανταρινιού, 120gr UK;pcs;Packaging
07-0000114;Εξωτερικό κουτάκι--Κρητικά παξιμαδάκια με γραβιέρα, 60gr UK;pcs;Packaging
07-0000113;Εξωτερικό κουτάκι--Κρητικά παξιμαδάκια με ελαιόλαδο και ρίγανη, 60gr UK;pcs;Packaging
07-0000118;Εξωτερικό κουτάκι--Κρητικά παξιμαδάκια με λιαστή ντομάτα και κρεμμύδι, 60gr UK;pcs;Packaging
07-0000119;Εξωτερικό κουτάκι--Κρητικά παξιμαδάκια με λιαστή ντομάτα και κρεμμύδι, 60gr US;pcs;Packaging
ΕΙΔΗ-00000165;Υλικά συσκευασίας--gift box 4x50ml EU;pcs;Packaging
ΕΙΔΗ-00000166;Υλικά συσκευασίας--gift box 4x50ml US;pcs;Packaging
ΕΙΔΗ-00000167;Υλικά συσκευασίας--gift box 4x50ml AU;pcs;Packaging
ΕΙΔΗ-00000168;Υλικά συσκευασίας--κυψελες 50ml 24αδα;pcs;Packaging
07-0000215;Ξύδι Βιολογικο 200ml;pcs;Raw Material
07-0000216;ΚΕΝΤΗΜΑ CANVAS 71x53cm;pcs;Raw Material
07-0000217;ΤΑΙΝΙΑ-ΙΜΑΝΤΑΣ SPUN POL. 23mm;meters;Raw Material
07-0000218;Korean Neck Tags;pcs;Raw Material
07-0000219;KR Lbl back olive oil chili 200ml;pcs;Raw Material
07-0000220;KR Lbl back olive oil truffle 200ml;pcs;Raw Material
07-0000221;KR Lbl back olive oil lemon 200ml;pcs;Raw Material
07-0000222;KR Lbl back olive oil basil 200ml;pcs;Raw Material
07-0000223;KR Lbl back olive oil garlic 200ml;pcs;Raw Material
07-0000328;ΒΑΖΟ 0,215 L STAR D;pcs;Packaging
ΕΙΔΗ-00000222;KR Εξαιρετικό παρθένο ελαιόλαδο, 50ml_Valentine;pcs;Finished Product
07-0000273;Καρτποστάλ Τάρανδος;pcs;Finished Product
07-0000274;Καρτποστάλ Άγιος Βασίλης;pcs;Finished Product
07-0000275;Καρτποστάλ Μπισκότο;pcs;Finished Product
07-0000276;Καρτποστάλ Χριστουγεννιάτικο Δέντρο;pcs;Finished Product
07-0000277;Καρτποστάλ Αστέρι;pcs;Finished Product
07-0000278;Καρτποστάλ Χιονάνθρωπος;pcs;Finished Product
05-0000104;Christmas Postcards-set of 6;pcs;Finished Product
09-0000001;Bio Propolis Dry Extract Esit 6;kg;Raw Material
07-0000332;Τελάρο μεταξοτυπίας;pcs;Packaging
07-0000333;Κλισέ φλεξογραφίας;pcs;Packaging
07-0000334;US Lbl back olive oil tomato 6.8fl oz;pcs;Packaging
07-0000335;US Lbl round olive oil tomato 6.8fl oz;pcs;Packaging
07-0000351;BOTT. VECCHIA FARMACIA 50cc FLINT WHITE FLANGE RING;pcs;Packaging
07-0000352;BOT. ANTICA FARMACIA 500cc FLINT WHITE FLANGE RING;pcs;Packaging
07-0000353;BOT. ANTICA FARMACIA 200cc FLINT WHITE FLANGE RING;pcs;Packaging
02-0000055;KR Εξαιρετικό παρθένο ελαιόλαδο, bottle 500ml;pcs;Finished Product
07-0000205;ΚΑΜΠΑΡΝΤΙΝΑ 80%P-20%C 200gr;meters;Raw Material
ΕΙΔΗ-00000193;KR Εξαιρετικό παρθένο ελαιόλαδο, can 100ml;pcs;Finished Product
ΕΙΔΗ-00000194;Εξαιρετικό παρθένο ελαιόλαδο, 50ml_Valentine;pcs;Finished Product
07-0000288;Ξύδι Βαλσαμικο 200ml;pcs;Raw Material
05-0000105;Χριστουγεννιάτικο στολίδι Αστέρι;pcs;Finished Product
05-0000106;Χριστουγεννιάτικο στολίδι Γιαγιά;pcs;Finished Product
02-0000087;US Εξαιρετικό παρθένο ελαιόλαδο - Harvest of love 2x500ml;pcs;Finished Product
07-0000289;ΦΙΑΛΗ 50ml VECCHIA FARMACIA A FLINT - ΒΑΜΜΕΝΗ - D12270 - “YIAYIA XMAS TREE”;pcs;Raw Material
07-0000290;ΦΙΑΛΗ 50ml VECCHIA FARMACIA A FLINT - ΒΑΜΜΕΝΗ - D12269 - “YIAYIA SANTA”;pcs;Raw Material
07-0000291;ΦΙΑΛΗ 50ml VECCHIA FARMACIA A FLINT - ΒΑΜΜΕΝΗ - D12271 - “YIAYIA XMAS STAR”;pcs;Raw Material
07-0000292;ΦΙΑΛΗ 50ml VECCHIA FARMACIA A FLINT - ΒΑΜΜΕΝΗ - D12272 - “YIAYIA XMAS REINDEER”;pcs;Raw Material
07-0000293;ΦΙΑΛΗ 50ml VECCHIA FARMACIA A FLINT - ΒΑΜΜΕΝΗ - D12273 - “YIAYIA XMAS SNOWMAN”;pcs;Raw Material
07-0000294;ΦΙΑΛΗ 50ml VECCHIA FARMACIA A FLINT - ΒΑΜΜΕΝΗ - D12274 - “YIAYIA XMAS BELL”;pcs;Raw Material
07-0000296;Καρτποστάλ Περιστερι μωβ;pcs;Finished Product
07-0000297;Καρτποστάλ Κύκνος;pcs;Finished Product
07-0000298;Καρτποστάλ Σκατζοχοιρος;pcs;Finished Product
07-0000299;Καρτποστάλ Fragile;pcs;Finished Product
07-0000300;Καρτποστάλ Yiayia face;pcs;Finished Product
07-0000301;Καρτποστάλ Yiayia flower;pcs;Finished Product
07-0000302;Καρτποστάλ Yiayia animals;pcs;Finished Product
07-0000303;Καρτποστάλ Yiayia bird;pcs;Finished Product
07-0000304;Καρτποστάλ sun bird;pcs;Finished Product
07-0000305;Καρτποστάλ Περιστέρι;pcs;Finished Product
07-0000306;Καρτποστάλ Κυκνος Μωβ-Κιτρινο;pcs;Finished Product
07-0000307;Εξωτερικό κουτί - Συσκευασία δώρου christmas edition ( 6x50ml );pcs;Raw Material
07-0000308;KR Lbl back olive oil Limited Love Edition 500ml;pcs;Raw Material
ΕΙΔΗ-00000123;Συσκευασία δώρου evoo, evoo chilli, evoo basil, evoo garlic ( 4x50ml );pcs;Finished Product
ΕΙΔΗ-00000124;Άδειος τενεκές, can 500ml;pcs;Packaging
07-0000101;Άδειο μπουκάλι 500ml;pcs;Raw Material
07-0000102;Άδειο μπουκάλι 50ml;pcs;Raw Material
ΕΙΔΗ-00000181;ΠΙΣΤΟΛΙ ΘΕΡΜΟΥ ΑΕΡΑ TOTAL 2000W;pcs;Fixed costs
05-0000119;Καπέλο jockey με κέντημα;pcs;Finished Product
07-0000322;Άδειο μπουκάλι 350ml;pcs;Raw Material
02-0000042;Εξαιρετικό παρθένο ελαιόλαδο, Παλετοδεξαμενή IBC;litres;Finished Product
07-0000246;Παλετοδεξαμενές;pcs;Raw Material
07-0000269;KR Lbl back olive oil christmas 500ml;pcs;Raw Material
07-0000270;EU LBL yiayia white organic balsamic vinegar;pcs;Raw Material
07-0000271;Pack Caps Ter. 41.5x35 Vetricale 20mm Vetroelite;pcs;Raw Material
02-0000077;KR Εξαιρετικό παρθένο ελαιόλαδο, bottle 500ml_Harvest of love yellow;pcs;Finished Product
02-0000078;KR Εξαιρετικό παρθένο ελαιόλαδο, bottle 500ml_Harvest of love blue;pcs;Finished Product
02-0000079;Εξαιρετικό παρθένο ελαιόλαδο Χριστουγεννιάτικο δέντρο bottle 50ml;pcs;Finished Product
02-0000080;Εξαιρετικό παρθένο ελαιόλαδο Αστέρι bottle 50ml;pcs;Finished Product
02-0000081;Εξαιρετικό παρθένο ελαιόλαδο Χιονάνθρωπος bottle 50ml;pcs;Finished Product
02-0000082;Εξαιρετικό παρθένο ελαιόλαδο Τάρανδος bottle 50ml;pcs;Finished Product
02-0000083;Εξαιρετικό παρθένο ελαιόλαδο Καμπανακι bottle 50ml;pcs;Finished Product
02-0000084;Συσκευασία δώρου evoo Χριστουγεννιάτικη έκδοση ( 6x50ml );pcs;Finished Product
02-0000085;Εξαιρετικό παρθένο ελαιόλαδο Άγιος Βασίλης bottle 50ml;pcs;Finished Product
05-0000100;Χαρτι Περιτυλίγματος Μαυρο Μιξ;pcs;Finished Product
05-0000101;Χαρτι Περιτυλίγματος Κόκκινος Τάρανδος;pcs;Finished Product
05-0000102;Χαρτι Περιτυλίγματος Κίτρινο Αστέρι;pcs;Finished Product
05-0000103;Χαρτι Περιτυλίγματος Ρόζ Δέντρο;pcs;Finished Product
ΕΙΔΗ-00000034;US Ξύδι από χυμό εσπεριδοειδών, bottle 200ml;pcs;Finished Product
ΕΙΔΗ-00000035;US Ξύδι από χυμό κόκκινων φρούτων, bottle 200ml;pcs;Finished Product
ΕΙΔΗ-00000048;Σελιδοδείκτης Ροζ;pcs;Finished Product
ΕΙΔΗ-00000049;Σελιδοδείκτης Μπλε;pcs;Finished Product
07-0000005;Καρτποστάλ Yiayia and friends;pcs;Finished Product
07-0000006;Καρτποστάλ Μπλε Μάτια;pcs;Finished Product
07-0000007;Καρτποστάλ Yiayia και παγώνι;pcs;Finished Product
07-0000008;Καρτποστάλ Yiayia και ακρίδα;pcs;Finished Product
07-0000009;Καρτποστάλ Yiayia cooking;pcs;Finished Product
08-0000000;KR Bio Greek Mountain Tea;pcs;Finished Product
08-0000001;KR Mountain tea and Mint;pcs;Finished Product
08-0000002;KR Mountain tea and Lavender;pcs;Finished Product
08-0000003;KR Mountain tea and Dittany;pcs;Finished Product
05-0000079;Eyes glass cup;pcs;Finished Product
05-0000080;Worm glass cup;pcs;Finished Product
05-0000081;Bird glass cup;pcs;Finished Product
05-0000082;Cat glass cup;pcs;Finished Product
07-0000314;Κυψέλη 8 θέσεων ψηλή;pcs;Finished Product
07-0000315;Κυψέλη 8 θέσεων χαμηλή;pcs;Finished Product
07-0000316;yiayia tomato 50ml Berlin;pcs;Raw Material
07-0000317;EU Sticker olive oil lemon 200ml round ανάγλυφα;pcs;Raw Material
07-0000318;EU Sticker olive oil truffle 200ml round ανάγλυφα;pcs;Raw Material
07-0000319;EU Sticker olive oil garlic 200ml round ανάγλυφα;pcs;Raw Material
07-0000320;EU Sticker olive oil basil 200ml round ανάγλυφα;pcs;Raw Material
07-0000321;EU Sticker olive oil chili 200ml round ανάγλυφα;pcs;Raw Material
ΕΙΔΗ-00000127;Καρέκλα;pcs;Finished Product
05-0000051;ΜΑΞΙΛΑΡΙ ΜΑΥΡΟ ΜΕ ΜΑΤΙΑ 168 x 34 KR;pcs;Finished Product
05-0000052;ΜΑΞΙΛΑΡΙ ΜΠΛΕ ΜΕ ΜΑΤΙΑ 168 x 34 KR;pcs;Finished Product
05-0000053;ΜΑΞΙΛΑΡΙ ΠΟΡΤΟΚΑΛΙ 168 x 34 KR;pcs;Finished Product
05-0000054;ΜΑΞΙΛΑΡΙ ΠΟΡΤΟΚΑΛΙ 88 x 34 KR;pcs;Finished Product
05-0000055;MΑΞΙΛΑΡΙ ΛΙΛΑ 88 x 34 KR;pcs;Finished Product
05-0000056;ΜΑΞΙΛΑΡΙ ΛΕΥΚΟ ΜΕ ΗΛΙΟ 88 x 34 KR;pcs;Finished Product
05-0000057;ΜΑΞΙΛΑΡΙ ΠΡΑΣΙΝΟ ΜΕ ΓΑΤΑ 88 x 34 KR;pcs;Finished Product
ΕΙΔΗ-00000144;Εξαιρετικό παρθένο ελαιόλαδο με λεμόνι, bottle 200ml;pcs;Finished Product
ΕΙΔΗ-00000145;Εξαιρετικό παρθένο ελαιόλαδο με τρούφα, bottle 200ml;pcs;Finished Product
07-0000120;Χ/Β 24ΤΜΧ;pcs;Packaging
07-0000207;ΚΑΜΠΑΡΝΤΙΝΑ ΒΑΜΒΑΚΙ 100%;meters;Raw Material
05-0000097;Tote bag Blue;pcs;Finished Product
07-0000208;Καρτελάκια 7Χ10  COACHELLO;pcs;Raw Material
03-0000014;US Κρητικά παξιμαδάκια με λιαστή ντομάτα και κρεμμύδι, 70gr;pcs;Finished Product
07-0000209;Εξωτερικό κουτάκι--Κρητικά παξιμαδάκια με λιαστή ντομάτα και κρεμμύδι, 70gr US;pcs;Raw Material
03-0000015;US Κρητικά παξιμαδάκια με γραβιέρα, 70gr;pcs;Finished Product
07-0000210;Εξωτερικό κουτάκι--Κρητικά παξιμαδάκια με γραβιέρα, 70gr US;pcs;Raw Material
03-0000016;US Κρητικά παξιμαδάκια με ελαιόλαδο και ρίγανη, 70gr;pcs;Finished Product
07-0000211;Εξωτερικό κουτάκι--Κρητικά παξιμαδάκια με ελαιόλαδο και ρίγανη, 70gr US;pcs;Raw Material
07-0000212;Εξωτερικό κουτί- Bio Greek Mountain Tea EU;pcs;Raw Material
07-0000213;Εξωτερικό κουτί- Bio Greek Mountain Tea Mint EU;pcs;Raw Material
07-0000214;Εξωτερικό κουτί- Bio Greek Mountain Tea Dittany EU;pcs;Raw Material
ΕΙΔΗ-00000169;US Βίδες λαχανικών με παντζάρι, καρότο, σπανάκι, 400gr;pcs;Finished Product
ΕΙΔΗ-00000170;Εξαιρετικό παρθένο ελαιόλαδο, bottle 500ml_Valentine;pcs;Finished Product
ΕΙΔΗ-00000171;US Εξαιρετικό παρθένο ελαιόλαδο, bottle 500ml_Valentine;pcs;Finished Product
ΕΙΔΗ-00000172;KR Εξαιρετικό παρθένο ελαιόλαδο, bottle 500ml_Valentine;pcs;Finished Product
04-0000010;AU Συσκευασία δώρου (Evoo 500ml ,Organic aged balsamic vinegar, bottle 200ml);pcs;Finished Product
07-0000229;Εξωτερικό κουτί-Συσκευασία δώρου (Evoo 500ml ,Organic vinegar bottle 200ml));pcs;Raw Material
04-0000011;AU Βιολογικό παλαιωμένο βαλσάμικο ξύδι, bottle 200ml;pcs;Finished Product
07-0000230;AU Lbl back Yiayia gift box ( 200ml & 500ml );pcs;Raw Material
07-0000231;Pesto Rosso;pcs;Finished Product
08-0000004;Greek Organic Olympus Mountain Tea 12 tea bags (15.6g);pcs;Finished Product
07-0000232;Εξωτερικό κουτί- Bio Greek Mountain Tea UK;pcs;Raw Material
07-0000233;Εξωτερικό κουτί- Bio Greek Mountain Tea US;pcs;Raw Material
07-0000234;Εξωτερικό κουτί- Bio Greek Mountain Tea Mint UK;pcs;Raw Material
07-0000235;Εξωτερικό κουτί- Bio Greek Mountain Tea Mint US;pcs;Raw Material
07-0000236;Εξωτερικό κουτί- Bio Greek Mountain Tea Dittany UK;pcs;Raw Material
07-0000237;Εξωτερικό κουτί- Bio Greek Mountain Tea Dittany US;pcs;Raw Material
07-0000238;Εξωτερικό κουτί- Bio Greek Mountain Tea Lavender US;pcs;Raw Material
07-0000239;Εξωτερικό κουτί- Bio Greek Mountain Tea Lavender UK;pcs;Raw Material
07-0000240;Εξωτερικό κουτί- Bio Greek Mountain Tea Lavender EU;pcs;Raw Material
07-0000241;Bio Σιδερίτης Scardica;kg;Finished Product
07-0000242;Bio Σιδερίτης Syriaca;kg;Finished Product
07-0000243;Bio Λεβάντα Ανθός;kg;Finished Product
07-0000244;Bio Δίκταμος;kg;Finished Product
07-0000245;Bio Μέντα;kg;Finished Product
08-0000005;UK Greek Organic Olympus Mountain Tea 12 tea bags (15.6g);pcs;Finished Product
08-0000006;US Greek Organic Olympus Mountain Tea 12 tea bags (15.6g);pcs;Finished Product
08-0000007;Greek Organic Mountain Tea and Mint 12 tea bags (15.6g);pcs;Finished Product
08-0000008;UK Greek Organic Mountain Tea and Mint 12 tea bags (15.6g);pcs;Finished Product
08-0000009;US Greek Organic Mountain Tea and Mint 12 tea bags (15.6g);pcs;Finished Product
08-0000010;Greek Organic Mountain Tea and Dittany 12 tea bags (15.6g);pcs;Finished Product
08-0000011;UK Greek Organic Mountain Tea and Dittany 12 tea bags (15.6g);pcs;Finished Product
08-0000012;US Greek Organic Mountain Tea and Dittany 12 tea bags (15.6g);pcs;Finished Product
08-0000013;Greek Organic Mountain Tea and Lavender 12 tea bags (15.6g);pcs;Finished Product
08-0000014;UK Greek Organic Mountain Tea and Lavender 12 tea bags (15.6g)Lavender;pcs;Finished Product
08-0000015;US Greek Organic Mountain Tea and Lavender 12 tea bags (15.6g);pcs;Finished Product
08-0000016;KR Bio Greek Mountain Tea;pcs;Finished Product
08-0000017;KR Mountain tea and Mint;pcs;Finished Product
08-0000018;KR Mountain tea and Lavender;pcs;Finished Product
08-0000019;KR Mountain tea and Dittany;pcs;Finished Product
07-0000253;KR yiayia can evoo 500ml;pcs;Raw Material
07-0000254;Βίδες Φ24 Μαύρες πλαστικές μη βυθιζόμενες;pcs;Raw Material
07-0000255;Πώμα Αλ. Βιδ. Μον. 25x17 μαύρο;pcs;Raw Material
07-0000256;Τελάρα Ξύλινα;pcs;Packaging
07-0000257;Χαρτόνια ενδιάμεσα;pcs;Packaging
ΕΙΔΗ-00000001;Περιβαλλοντικό Τέλος - Σακούλα;pcs;Finished Product
07-0000323;White animals Χ/Β 8x750ml (21,6*14,6*27,6) DS SMITH;pcs;Packaging
07-0000324;White animals Χ/Β 8x500ml (21,6*14,6*20) DS SMITH;pcs;Packaging
07-0000325;White animals Χ/Β 16x250ml (21,6*14,6*25,2) DS SMITH;pcs;Packaging
07-0000326;White animals Χ/Β 16x100ml (21,6*14,6*18,2) DS SMITH;pcs;Packaging
02-0000093;AU Εξαιρετικό παρθένο ελαιόλαδο, bottle 500ml_Valentine;pcs;Finished Product
07-0000327;AU Lbl back olive oil 500ml valentine;pcs;Raw Material
07-0000260;Εξωτερικο κουτί-Εξαιρετικο παρθένο ελαιόλαδο, bottle 500ml-Christmas US;pcs;Packaging
02-0000070;US Εξαιρετικό παρθένο ελαιόλαδο, bottle 500ml-Christmas;pcs;Finished Product
07-0000261;KR yiayia can evoo 250ml;pcs;Raw Material
07-0000262;EU yiayia can evoo 500ml;pcs;Raw Material
07-0000263;US yiayia can evoo 500ml;pcs;Raw Material
07-0000264;EU yiayia can evoo 750ml;pcs;Raw Material
07-0000265;KR yiayia can evoo 750ml;pcs;Raw Material
07-0000267;US yiayia can evoo 750ml;pcs;Raw Material
02-0000071;AU Εξαιρετικό παρθένο ελαιόλαδο με βασιλικό, bottle 200ml;pcs;Finished Product
02-0000072;AU Εξαιρετικό παρθένο ελαιόλαδο με πιπεριά τσίλι, bottle 200ml;pcs;Finished Product
02-0000073;AU Εξαιρετικό παρθένο ελαιόλαδο με σκόρδο, bottle 200ml;pcs;Finished Product
02-0000074;AU Εξαιρετικό παρθένο ελαιόλαδο με λεμόνι, bottle 200ml;pcs;Finished Product
02-0000075;AU Εξαιρετικό παρθένο ελαιόλαδο με τρούφα, bottle 200ml;pcs;Finished Product
02-0000076;AU Εξαιρετικό παρθένο ελαιόλαδο, bottle 500ml;pcs;Finished Product
07-0000268;AU Lbl back olive oil 500ml;pcs;Raw Material
07-0000247;US Εξωτερικό κουτί - Συσκευασία δώρου evoo,evoo chilli,basil, garlic, lemon,truffle( 6x50ml );pcs;Raw Material
02-0000062;US Συσκευασία δώρου evoo, evoo chilli, evoo basil, evoo garlic, evoo lemon, evoo truffle (6x50ml);pcs;Finished Product
02-0000063;Εξαιρετικό παρθένο ελαιόλαδο, Παλετοδεξαμενή IBC;litres;Finished Product
02-0000064;Εξαιρετικό παρθένο ελαιόλαδο με βασιλικό, Παλετοδεξαμενή IBC;litres;Finished Product
02-0000065;Εξαιρετικό παρθένο ελαιόλαδο με λεμόνι, Παλετοδεξαμενή IBC;litres;Finished Product
02-0000066;Εξαιρετικό παρθένο ελαιόλαδο με πιπεριά τσίλι, Παλετοδεξαμενή IBC;litres;Finished Product
02-0000067;Εξαιρετικό παρθένο ελαιόλαδο με σκόρδο, Παλετοδεξαμενή IBC;litres;Finished Product
07-0000248;Oil EVOO ΧΥΜΑ Μποτζάκη;litres;Raw Material
07-0000249;Oil EVOO with lemon ΧΥΜΑ Μποτζάκη;litres;Raw Material
07-0000250;KR yiayia chuseok 500ml Berlin;pcs;Raw Material
07-0000251;Δίχτυ συσκευασίας 18cm Berlin;pcs;Raw Material
07-0000224;KR LBL yiayia aged organic balsamic vinegar;pcs;Raw Material
07-0000225;KR yiayia black 500ml Vetroellite;pcs;Raw Material
02-0000057;Εξαιρετικό παρθένο ελαιόλαδο με βασιλικό, Παλετοδεξαμενή IBC;litres;Finished Product
02-0000058;Εξαιρετικό παρθένο ελαιόλαδο με λεμόνι, Παλετοδεξαμενή IBC;litres;Finished Product
02-0000059;Εξαιρετικό παρθένο ελαιόλαδο με πιπεριά τσίλι, Παλετοδεξαμενή IBC;litres;Finished Product
02-0000060;Εξαιρετικό παρθένο ελαιόλαδο με σκόρδο, Παλετοδεξαμενή IBC;litres;Finished Product
02-0000061;Εξαιρετικό παρθένο ελαιόλαδο με τρούφα, Παλετοδεξαμενή IBC;litres;Finished Product
05-0000098;Kεντημένο μαξιλάρι;pcs;Finished Product
07-0000226;PACK CAPS.TER. 41,5X35 TRASPARENTE Shrink sleeve (500ml) Vetroelite T02382;pcs;Raw Material
07-0000227;PACK CAPS.TER. 36,5x30 TRASPARENTE Shrink sleeve (200ml) Vetroelite T02383;pcs;Raw Material
728;;;
